{"trainer/global_step":3312,"_timestamp":1.7647181587261188e+09,"train_acc":0.96875,"val_acc":0.9551020264625549,"train_loss":0.10082558542490005,"_step":543,"_runtime":94,"test_loss":0.2908153533935547,"epoch":18,"val_loss":0.1141921877861023,"test_acc":0.9083814024925232,"_wandb":{"runtime":94}}