{"test_acc":0.9168646335601807,"_runtime":113,"_step":736,"train_loss":0.0695367306470871,"train_acc":0.96875,"val_acc":0.9503401517868042,"epoch":19,"trainer/global_step":3496,"test_loss":0.3399495482444763,"_wandb":{"runtime":113},"_timestamp":1.764719098954698e+09,"val_loss":0.10983587801456451}