{"_runtime":76,"val_acc":0.8619047403335571,"_wandb":{"runtime":76},"trainer/global_step":2392,"_timestamp":1.764717934224673e+09,"train_loss":0.10064879059791565,"epoch":13,"train_acc":0.9375,"test_loss":0.3420489430427551,"test_acc":0.9090600609779358,"_step":446,"val_loss":0.3912806212902069}