{"_wandb":{"runtime":98},"train_acc":0.90625,"_timestamp":1.764717159648628e+09,"train_loss":0.17201951146125793,"trainer/global_step":3128,"val_loss":0.12301987409591675,"test_acc":0.8978622555732727,"_runtime":98,"_step":678,"epoch":17,"val_acc":0.9448979496955872,"test_loss":0.31685757637023926}