{"_wandb":{"runtime":17},"epoch":9,"trainer/global_step":1839,"_timestamp":1.764700872833941e+09,"_step":377,"train_loss":0.3178228437900543,"val_loss":0.34348249435424805,"_runtime":17}