{"_step":348,"train_loss":0.021361645311117172,"val_loss":0.017581462860107422,"_runtime":36,"_wandb":{"runtime":36},"epoch":17,"trainer/global_step":3311,"_timestamp":1.764715720151287e+09}