{"_timestamp":1.76471641547087e+09,"_step":348,"train_loss":0.021361645311117172,"epoch":17,"trainer/global_step":3311,"val_loss":0.017581462860107422,"_wandb":{"runtime":35},"_runtime":35}