{"epoch":9,"trainer/global_step":1839,"_timestamp":1.764717806214911e+09,"val_loss":0.016263118013739586,"_wandb":{"runtime":29},"_runtime":29,"_step":193,"train_loss":0.01272057555615902}